{"cameraMode":{"drawMode":0,"name":"Shaded","section":"Shading Mode"},"sceneLighting":true,"audioPlay":false,"sceneViewState":{"showFog":true,"showMaterialUpdate":false,"showSkybox":true,"showFlares":true,"showImageEffects":true,"showParticleSystems":true},"in2DMode":false,"pivot":{"x":-377.8013916015625,"y":10.609573364257813,"z":-229.97776794433595},"rotation":{"x":0.04332605376839638,"y":-0.8829677700996399,"z":0.08315244317054749,"w":0.4600293040275574},"size":221.92625427246095,"orthographic":false}