{"cameraMode":{"drawMode":0,"name":"Shaded","section":"Shading Mode"},"sceneLighting":true,"audioPlay":false,"sceneViewState":{"showFog":true,"showMaterialUpdate":false,"showSkybox":true,"showFlares":true,"showImageEffects":true,"showParticleSystems":true},"in2DMode":false,"pivot":{"x":-24.352998733520509,"y":99.71049499511719,"z":7.859350681304932},"rotation":{"x":0.05571639910340309,"y":-0.7030637860298157,"z":0.05439028516411781,"w":0.707500696182251},"size":13.213287353515625,"orthographic":false}