{"cameraMode":{"drawMode":0,"name":"Shaded","section":"Shading Mode"},"sceneLighting":false,"audioPlay":false,"sceneViewState":{"showFog":true,"showMaterialUpdate":false,"showSkybox":false,"showFlares":true,"showImageEffects":true,"showParticleSystems":true},"in2DMode":false,"pivot":{"x":-11.180000305175782,"y":0.07906459271907807,"z":11.369410514831543},"rotation":{"x":0.2893353998661041,"y":-0.22609025239944459,"z":0.0706457570195198,"w":0.927544355392456},"size":1.4164220094680787,"orthographic":false}