{"cameraMode":{"drawMode":0,"name":"Shaded","section":"Shading Mode"},"sceneLighting":true,"audioPlay":false,"sceneViewState":{"showFog":true,"showMaterialUpdate":false,"showSkybox":true,"showFlares":true,"showImageEffects":true,"showParticleSystems":true},"in2DMode":false,"pivot":{"x":-23.308101654052736,"y":83.6411361694336,"z":0.5431652069091797},"rotation":{"x":0.005434327758848667,"y":0.9708826541900635,"z":-0.23851585388183595,"w":0.022136114537715913},"size":13.707281112670899,"orthographic":false}