{"cameraMode":{"drawMode":0,"name":"Shaded","section":"Shading Mode"},"sceneLighting":true,"audioPlay":false,"sceneViewState":{"showFog":true,"showMaterialUpdate":false,"showSkybox":true,"showFlares":true,"showImageEffects":true,"showParticleSystems":true},"in2DMode":false,"pivot":{"x":-66.50894927978516,"y":92.31367492675781,"z":-7.12960958480835},"rotation":{"x":0.0799708142876625,"y":-0.9220784306526184,"z":0.24848921597003938,"w":0.28819540143013},"size":2.0772454738616945,"orthographic":false}