{"cameraMode":{"drawMode":0,"name":"Shaded","section":"Shading Mode"},"sceneLighting":true,"audioPlay":false,"sceneViewState":{"showFog":true,"showMaterialUpdate":false,"showSkybox":true,"showFlares":true,"showImageEffects":true,"showParticleSystems":true},"in2DMode":false,"pivot":{"x":-33.697669982910159,"y":98.28594970703125,"z":100.73570251464844},"rotation":{"x":-0.08673688024282456,"y":-0.24776513874530793,"z":-0.024241629987955095,"w":0.9653664231300354},"size":8.62817668914795,"orthographic":false}