{"cameraMode":{"drawMode":0,"name":"Shaded","section":"Shading Mode"},"sceneLighting":true,"audioPlay":false,"sceneViewState":{"showFog":true,"showMaterialUpdate":false,"showSkybox":true,"showFlares":true,"showImageEffects":true,"showParticleSystems":true},"in2DMode":false,"pivot":{"x":10.265872955322266,"y":-10.98133659362793,"z":25.959810256958009},"rotation":{"x":0.12120191752910614,"y":-0.7619138956069946,"z":0.14929687976837159,"w":0.6185206174850464},"size":11.125334739685059,"orthographic":false}