{"cameraMode":{"drawMode":0,"name":"Shaded","section":"Shading Mode"},"sceneLighting":true,"audioPlay":false,"sceneViewState":{"showFog":true,"showMaterialUpdate":false,"showSkybox":true,"showFlares":true,"showImageEffects":true,"showParticleSystems":true},"in2DMode":false,"pivot":{"x":-22.57411003112793,"y":91.81316375732422,"z":19.353647232055665},"rotation":{"x":-0.1331741064786911,"y":0.7659192085266113,"z":-0.16849204897880555,"w":-0.6063993573188782},"size":0.7270507216453552,"orthographic":false}