{"cameraMode":{"drawMode":0,"name":"Shaded","section":"Shading Mode"},"sceneLighting":true,"audioPlay":false,"sceneViewState":{"showFog":true,"showMaterialUpdate":false,"showSkybox":true,"showFlares":true,"showImageEffects":true,"showParticleSystems":true},"in2DMode":false,"pivot":{"x":-12.652085304260254,"y":100.40534210205078,"z":20.92319107055664},"rotation":{"x":-0.03711206465959549,"y":-0.9574034214019775,"z":0.15852750837802888,"w":-0.24145083129405976},"size":1.4150973558425904,"orthographic":false}