{"cameraMode":{"drawMode":0,"name":"Shaded","section":"Shading Mode"},"sceneLighting":true,"audioPlay":false,"sceneViewState":{"showFog":true,"showMaterialUpdate":false,"showSkybox":true,"showFlares":true,"showImageEffects":true,"showParticleSystems":true},"in2DMode":false,"pivot":{"x":-55.51082992553711,"y":-86.10893249511719,"z":456.7674865722656},"rotation":{"x":-0.20468129217624665,"y":0.04930621013045311,"z":-0.0103133674710989,"w":-0.9775558710098267},"size":223.22471618652345,"orthographic":false}